0,-236,9.90e-01,4.64e-01,-1000,-236
10,-204,9.90e-01,3.97e-01,-1000,-204
20,-236,9.90e-01,2.85e-01,-1000,-171
30,-236,9.90e-01,3.63e-01,-1000,-171
40,-236,9.90e-01,3.17e-01,-1000,-171
50,-219,9.89e-01,1.76e-01,-1000,-171
60,-236,9.89e-01,1.35e-01,-1000,-171
70,-76,9.89e-01,1.62e-01,-1000,-76
80,-236,9.89e-01,1.04e-01,-1000,-76
90,-236,9.89e-01,7.64e-02,-296,-76
100,-153,9.89e-01,3.79e-02,-291,-76
110,-236,9.89e-01,5.42e-02,-288,-76
120,181,9.89e-01,8.57e-02,-286,181
130,-236,9.89e-01,1.14e+00,-285,181
140,213,9.89e-01,5.23e-02,-283,213
150,-236,9.88e-01,5.35e-01,-281,213
160,-125,9.88e-01,1.36e-01,-280,213
170,-236,9.88e-01,6.16e-01,-279,213
180,-236,9.88e-01,8.87e-02,-278,213
190,-236,9.88e-01,2.19e-01,-276,213
200,-236,9.88e-01,4.27e-01,-274,213
210,-236,9.88e-01,3.71e-01,-272,213
220,-236,9.88e-01,3.55e-02,-269,213
230,-236,9.88e-01,3.71e-01,-267,213
240,-236,9.88e-01,4.33e-02,-265,213
250,-236,9.87e-01,1.69e-02,-265,213
260,-46,9.87e-01,3.12e-02,-262,213
270,-236,9.87e-01,1.37e-02,-262,213
280,-236,9.87e-01,1.45e-02,-261,213
290,-236,9.87e-01,1.64e-02,-260,213
300,-236,9.87e-01,1.21e-01,-259,213
310,-236,9.87e-01,3.02e-01,-258,213
320,-236,9.87e-01,4.64e-02,-258,213
330,-236,9.87e-01,2.40e-02,-257,213
340,157,9.87e-01,4.42e-02,-255,213
350,-236,9.86e-01,6.14e-02,-254,213
360,245,9.86e-01,1.39e-01,-253,245
370,-236,9.86e-01,1.32e-01,-250,245
380,-236,9.86e-01,2.63e-01,-249,245
390,-236,9.86e-01,4.04e-01,-246,245
400,-80,9.86e-01,1.96e-01,-245,245
410,-241,9.86e-01,2.60e-02,-243,245
420,117,9.86e-01,2.46e-02,-242,245
430,-236,9.86e-01,2.22e-01,-241,245
440,-236,9.86e-01,1.58e-01,-241,245
450,-236,9.85e-01,9.28e-02,-241,245
460,-236,9.85e-01,8.04e-02,-241,245
470,109,9.85e-01,1.64e-01,-241,245
480,-236,9.85e-01,5.66e-02,-240,245
490,-236,9.85e-01,3.77e-01,-239,245
500,-236,9.85e-01,7.96e-02,-237,245
510,132,9.85e-01,6.18e-01,-236,245
520,-236,9.85e-01,1.44e+00,-236,245
530,-236,9.85e-01,1.79e-01,-236,245
540,-236,9.85e-01,1.83e-01,-236,245
550,-236,9.84e-01,5.37e-01,-236,245
560,-236,9.84e-01,1.92e-01,-236,245
570,-236,9.84e-01,1.62e+00,-236,245
580,-236,9.84e-01,2.98e-01,-236,245
590,-236,9.84e-01,1.14e-01,-236,245
600,-236,9.84e-01,1.73e-01,-236,245
610,-236,9.84e-01,1.51e-01,-236,245
620,-236,9.84e-01,5.31e-01,-236,245
630,-236,9.84e-01,2.59e-02,-236,245
640,-236,9.84e-01,3.08e-02,-236,245
650,-236,9.83e-01,7.71e-02,-236,245
660,-236,9.83e-01,1.21e-01,-236,245
670,-236,9.83e-01,2.46e-01,-236,245
680,-236,9.83e-01,6.88e-01,-236,245
690,-236,9.83e-01,4.75e-01,-236,245
700,-236,9.83e-01,3.74e-01,-236,245
710,-236,9.83e-01,4.31e-01,-236,245
720,-236,9.83e-01,1.30e-01,-236,245
730,-236,9.83e-01,1.28e-01,-236,245
740,-236,9.83e-01,6.36e-01,-236,245
750,-236,9.82e-01,2.10e+00,-236,245
760,-236,9.82e-01,1.04e+00,-236,245
770,-236,9.82e-01,5.55e-01,-236,245
780,-236,9.82e-01,7.07e-01,-236,245
790,-236,9.82e-01,1.18e-01,-236,245
800,-236,9.82e-01,4.76e-01,-236,245
810,-236,9.82e-01,2.96e-01,-236,245
820,-236,9.82e-01,1.07e-01,-236,245
830,-236,9.82e-01,2.99e-01,-236,245
840,-236,9.82e-01,5.54e-02,-236,245
850,-236,9.81e-01,6.53e-02,-236,245
860,-272,9.81e-01,1.10e-01,-236,245
870,-236,9.81e-01,1.85e-01,-236,245
880,-236,9.81e-01,5.72e-01,-235,245
890,-236,9.81e-01,4.65e-01,-235,245
900,-236,9.81e-01,1.70e+00,-234,245
910,-236,9.81e-01,3.90e-01,-234,245
920,-236,9.81e-01,2.02e-01,-234,245
930,-236,9.81e-01,2.17e-01,-234,245
940,-236,9.81e-01,6.91e-02,-234,245
950,-236,9.80e-01,4.35e-01,-234,245
960,-236,9.80e-01,2.06e-01,-234,245
970,-236,9.80e-01,7.87e-02,-233,245
980,-236,9.80e-01,2.53e-01,-233,245
990,-236,9.80e-01,2.37e-01,-233,245
1000,-236,9.80e-01,2.40e-01,-232,245
1010,-236,9.80e-01,4.27e-01,-232,245
1020,-236,9.80e-01,3.74e-02,-232,245
1030,-236,9.80e-01,1.07e-01,-232,245
1040,-236,9.80e-01,4.78e-02,-231,245
1050,-236,9.79e-01,2.67e-01,-231,245
1060,-236,9.79e-01,2.01e-01,-231,245
1070,-236,9.79e-01,1.14e-01,-231,245
1080,-236,9.79e-01,3.57e-01,-231,245
1090,-236,9.79e-01,2.85e-01,-230,245
1100,-236,9.79e-01,1.00e-01,-230,245
1110,-236,9.79e-01,3.41e-01,-229,245
1120,-236,9.79e-01,5.42e-02,-229,245
1130,-236,9.79e-01,3.82e-01,-229,245
1140,-236,9.79e-01,3.32e-01,-229,245
1150,-236,9.78e-01,2.93e-01,-229,245
1160,-236,9.78e-01,3.36e-01,-229,245
1170,-236,9.78e-01,5.04e-01,-228,245
1180,-236,9.78e-01,1.18e-01,-228,245
1190,-236,9.78e-01,6.98e-02,-228,245
1200,-236,9.78e-01,5.77e-02,-228,245
1210,-236,9.78e-01,2.70e-01,-228,245
1220,-236,9.78e-01,4.74e-01,-228,245
1230,-236,9.78e-01,2.69e-01,-228,245
1240,-236,9.78e-01,2.16e-01,-227,245
1250,-236,9.77e-01,1.42e-01,-227,245
1260,-236,9.77e-01,6.73e-01,-226,245
1270,-236,9.77e-01,2.06e-01,-226,245
1280,-236,9.77e-01,5.23e-02,-225,245
1290,-236,9.77e-01,1.28e-01,-225,245
1300,-265,9.77e-01,5.55e-02,-225,245
1310,-236,9.77e-01,1.47e-01,-225,245
1320,-236,9.77e-01,1.79e-01,-225,245
1330,-236,9.77e-01,9.35e-02,-225,245
1340,-236,9.77e-01,9.69e-02,-225,245
1350,-236,9.76e-01,1.57e-01,-225,245
1360,-236,9.76e-01,2.41e-01,-225,245
1370,-236,9.76e-01,3.64e-01,-225,245
1380,-236,9.76e-01,7.79e-02,-225,245
1390,-236,9.76e-01,1.97e-01,-224,245
1400,-236,9.76e-01,2.67e-01,-224,245
1410,-236,9.76e-01,1.30e-01,-223,245
1420,-236,9.76e-01,1.02e-01,-223,245
1430,-236,9.76e-01,4.94e-01,-223,245
1440,-236,9.76e-01,3.16e-01,-223,245
1450,-236,9.75e-01,9.72e-02,-223,245
1460,-236,9.75e-01,5.23e-02,-223,245
1470,-236,9.75e-01,9.42e-02,-223,245
1480,-236,9.75e-01,1.35e-01,-223,245
1490,-236,9.75e-01,6.00e-01,-223,245
1500,-236,9.75e-01,9.84e-02,-222,245
1510,-253,9.75e-01,1.05e-01,-222,245
1520,-236,9.75e-01,2.86e-02,-222,245
1530,-236,9.75e-01,1.51e-01,-222,245
1540,-236,9.75e-01,2.48e-01,-222,245
1550,-236,9.74e-01,5.37e-01,-222,245
1560,-236,9.74e-01,6.15e-02,-222,245
1570,-247,9.74e-01,1.47e-01,-222,245
1580,-236,9.74e-01,6.68e-02,-222,245
1590,-236,9.74e-01,4.22e-01,-222,245
1600,-236,9.74e-01,1.64e-01,-222,245
1610,-236,9.74e-01,1.71e-01,-222,245
1620,-236,9.74e-01,1.10e-01,-222,245
1630,-236,9.74e-01,2.10e-01,-222,245
1640,-243,9.74e-01,1.90e-01,-222,245
1650,-236,9.73e-01,1.29e-01,-222,245
1660,-236,9.73e-01,2.18e-01,-221,245
1670,-236,9.73e-01,8.58e-02,-221,245
1680,-236,9.73e-01,1.16e-01,-221,245
1690,-236,9.73e-01,6.20e-02,-221,245
1700,-236,9.73e-01,5.05e-02,-221,245
1710,-236,9.73e-01,7.21e-02,-219,245
1720,-236,9.73e-01,1.48e-01,-219,245
1730,-236,9.73e-01,1.39e-01,-219,245
1740,-236,9.73e-01,6.30e-02,-218,245
1750,-236,9.72e-01,3.07e-01,-218,245
1760,-236,9.72e-01,1.90e-01,-218,245
1770,-236,9.72e-01,8.72e-02,-218,245
1780,-236,9.72e-01,9.78e-02,-218,245
1790,-236,9.72e-01,9.20e-02,-216,245
1800,-247,9.72e-01,9.71e-02,-216,245
1810,-236,9.72e-01,1.27e-01,-216,245
1820,-236,9.72e-01,5.49e-02,-216,245
1830,-236,9.72e-01,1.27e-01,-216,245
1840,-236,9.72e-01,3.11e-01,-216,245
1850,-236,9.71e-01,9.35e-02,-216,245
1860,-236,9.71e-01,6.84e-02,-216,245
1870,-236,9.71e-01,3.04e-01,-215,245
1880,-236,9.71e-01,1.50e-01,-215,245
1890,-236,9.71e-01,1.67e-01,-215,245
1900,-236,9.71e-01,2.18e-01,-215,245
1910,-236,9.71e-01,1.37e-01,-215,245
1920,-236,9.71e-01,3.17e-01,-215,245
1930,-236,9.71e-01,1.55e-01,-215,245
1940,-236,9.71e-01,2.18e-01,-215,245
1950,-236,9.70e-01,6.78e-02,-215,245
1960,-236,9.70e-01,1.20e-01,-214,245
1970,-236,9.70e-01,2.50e-01,-214,245
1980,-236,9.70e-01,1.70e-01,-214,245
1990,-236,9.70e-01,1.43e-01,-214,245
2000,-236,9.70e-01,1.46e-01,-214,245
2010,-236,9.70e-01,1.98e-01,-214,245
2020,-236,9.70e-01,1.31e-01,-214,245
2030,-236,9.70e-01,5.49e-02,-214,245
2040,-236,9.70e-01,1.19e-01,-214,245
2050,-236,9.69e-01,1.27e-01,-214,245
2060,-236,9.69e-01,9.84e-02,-213,245
2070,-236,9.69e-01,1.43e-01,-213,245
2080,-236,9.69e-01,8.82e-02,-213,245
2090,-236,9.69e-01,1.07e-01,-211,245
2100,-236,9.69e-01,6.11e-02,-211,245
2110,-236,9.69e-01,4.17e-01,-210,245
2120,-236,9.69e-01,1.33e-01,-210,245
2130,-236,9.69e-01,2.11e-01,-210,245
2140,-236,9.69e-01,1.44e-01,-210,245
2150,-236,9.68e-01,2.56e-01,-210,245
2160,-236,9.68e-01,9.77e-02,-210,245
2170,-236,9.68e-01,2.00e-01,-210,245
2180,-236,9.68e-01,1.08e-01,-210,245
2190,-236,9.68e-01,1.48e-01,-209,245
2200,-236,9.68e-01,4.50e-02,-209,245
2210,-236,9.68e-01,1.10e-01,-209,245
2220,-236,9.68e-01,6.06e-02,-209,245
2230,-236,9.68e-01,2.96e-02,-209,245
2240,-236,9.68e-01,4.03e-02,-209,245
2250,-236,9.67e-01,1.34e-01,-209,245
2260,-236,9.67e-01,1.29e-01,-209,245
2270,-236,9.67e-01,9.27e-02,-209,245
2280,-236,9.67e-01,1.21e-01,-209,245
2290,-236,9.67e-01,1.60e-01,-209,245
2300,-236,9.67e-01,1.85e-01,-208,245
2310,-236,9.67e-01,3.55e-02,-208,245
2320,-236,9.67e-01,1.04e-01,-208,245
2330,-236,9.67e-01,2.46e-01,-207,245
2340,-236,9.67e-01,1.53e-01,-207,245
2350,-236,9.66e-01,3.73e-02,-207,245
2360,-236,9.66e-01,3.30e-02,-207,245
2370,-236,9.66e-01,5.90e-01,-207,245
2380,-236,9.66e-01,9.49e-02,-207,245
2390,-236,9.66e-01,4.72e-02,-206,245
2400,-236,9.66e-01,6.28e-02,-206,245
2410,-236,9.66e-01,3.00e-02,-206,245
2420,-236,9.66e-01,7.12e-02,-206,245
2430,-236,9.66e-01,8.14e-02,-206,245
2440,-236,9.66e-01,1.27e-01,-205,245
2450,-236,9.65e-01,2.74e-01,-204,245
2460,-236,9.65e-01,1.18e-01,-204,245
2470,-236,9.65e-01,4.81e-02,-204,245
2480,-236,9.65e-01,2.23e-01,-204,245
2490,-236,9.65e-01,4.17e-02,-204,245
2500,-236,9.65e-01,1.03e-01,-204,245
2510,-236,9.65e-01,4.23e-02,-204,245
2520,-236,9.65e-01,2.45e-01,-204,245
2530,-236,9.65e-01,1.65e-01,-203,245
2540,-236,9.65e-01,3.73e-02,-203,245
2550,-236,9.64e-01,1.73e-01,-203,245
2560,-236,9.64e-01,1.10e-01,-203,245
2570,-236,9.64e-01,1.72e-01,-203,245
2580,-236,9.64e-01,3.11e-01,-203,245
2590,-236,9.64e-01,3.10e-01,-203,245
2600,-236,9.64e-01,1.15e-01,-203,245
2610,-236,9.64e-01,3.35e-02,-203,245
2620,-236,9.64e-01,3.88e-02,-203,245
2630,-236,9.64e-01,1.15e-01,-203,245
2640,-236,9.64e-01,1.01e-01,-203,245
2650,-236,9.63e-01,4.14e-02,-203,245
2660,-236,9.63e-01,2.49e-01,-203,245
2670,-236,9.63e-01,1.09e-01,-203,245
2680,-236,9.63e-01,3.76e-01,-203,245
2690,-236,9.63e-01,1.23e-01,-203,245
2700,-236,9.63e-01,7.99e-02,-202,245
2710,-236,9.63e-01,4.43e-02,-202,245
2720,-236,9.63e-01,1.68e-01,-202,245
2730,-236,9.63e-01,1.15e-01,-202,245
2740,-236,9.63e-01,2.26e-01,-202,245
2750,-236,9.62e-01,6.92e-02,-201,245
2760,-236,9.62e-01,1.25e-01,-201,245
2770,-236,9.62e-01,3.79e-02,-201,245
2780,-236,9.62e-01,1.60e-01,-201,245
2790,-236,9.62e-01,9.15e-02,-201,245
2800,-236,9.62e-01,3.26e-01,-201,245
2810,-236,9.62e-01,1.69e-01,-200,245
2820,-236,9.62e-01,1.15e-01,-200,245
2830,-236,9.62e-01,8.76e-02,-200,245
2840,-236,9.62e-01,1.73e-01,-199,245
2850,-236,9.61e-01,1.71e-01,-199,245
2860,-236,9.61e-01,3.84e-01,-199,245
2870,-236,9.61e-01,8.23e-02,-199,245
2880,-236,9.61e-01,4.72e-01,-198,245
2890,-236,9.61e-01,1.95e-01,-198,245
2900,-236,9.61e-01,1.16e-01,-198,245
2910,-236,9.61e-01,9.94e-02,-198,245
2920,-236,9.61e-01,3.44e-01,-198,245
2930,-108,9.61e-01,4.57e-02,-198,245
2940,-151,9.61e-01,8.25e-02,-197,245
2950,-236,9.60e-01,3.50e-01,-197,245
2960,-236,9.60e-01,1.33e-01,-197,245
2970,-236,9.60e-01,1.38e-01,-197,245
2980,-236,9.60e-01,8.03e-02,-196,245
2990,-236,9.60e-01,3.07e-02,-196,245
3000,-236,9.60e-01,7.63e-02,-196,245
3010,-236,9.60e-01,4.61e-02,-196,245
3020,-236,9.60e-01,1.99e-02,-196,245
3030,-236,9.60e-01,3.76e-01,-196,245
3040,-236,9.60e-01,7.98e-02,-195,245
3050,-236,9.59e-01,2.13e-01,-195,245
3060,-236,9.59e-01,1.94e-01,-195,245
3070,-236,9.59e-01,1.96e-01,-195,245
3080,-236,9.59e-01,3.73e-01,-194,245
3090,-236,9.59e-01,1.21e-01,-194,245
3100,-236,9.59e-01,1.61e-01,-194,245
3110,-236,9.59e-01,2.61e-01,-194,245
3120,-236,9.59e-01,1.01e-01,-194,245
3130,-236,9.59e-01,3.31e-02,-194,245
3140,-236,9.59e-01,5.04e-02,-194,245
3150,166,9.58e-01,1.36e-01,-193,245
3160,-236,9.58e-01,6.78e-02,-193,245
3170,-236,9.58e-01,1.41e-01,-193,245
3180,-236,9.58e-01,6.23e-01,-193,245
3190,-236,9.58e-01,1.32e-01,-193,245
3200,-236,9.58e-01,5.10e-01,-193,245
3210,-236,9.58e-01,5.25e-01,-193,245
3220,-236,9.58e-01,4.61e-01,-193,245
3230,-236,9.58e-01,2.23e-01,-193,245
3240,-236,9.58e-01,2.47e-01,-193,245
3250,-236,9.57e-01,8.84e-02,-193,245
3260,1054,9.57e-01,3.80e-01,-190,1054
3270,181,9.57e-01,6.73e-02,-189,1054
3280,159,9.57e-01,1.02e-01,-189,1054
3290,-236,9.57e-01,2.23e-01,-189,1054
3300,-259,9.57e-01,9.36e-01,-189,1054
3310,-242,9.57e-01,5.86e-01,-188,1054
3320,-256,9.57e-01,8.53e-01,-188,1054
3330,-236,9.57e-01,4.60e-01,-188,1054
3340,-236,9.57e-01,2.97e-01,-188,1054
3350,-236,9.56e-01,6.32e-01,-188,1054
3360,-236,9.56e-01,1.03e+00,-188,1054
3370,-236,9.56e-01,2.20e-01,-188,1054
3380,-236,9.56e-01,4.80e-01,-188,1054
3390,-236,9.56e-01,1.21e-01,-188,1054
3400,167,9.56e-01,4.71e-01,-187,1054
3410,-236,9.56e-01,2.30e-01,-187,1054
3420,-236,9.56e-01,8.38e+00,-187,1054
3430,-236,9.56e-01,2.45e-01,-187,1054
3440,-236,9.56e-01,4.87e-01,-187,1054
3450,-236,9.55e-01,2.84e-01,-187,1054
3460,-114,9.55e-01,2.25e-01,-186,1054
3470,-236,9.55e-01,1.68e+00,-186,1054
3480,-236,9.55e-01,5.21e-01,-186,1054
3490,-236,9.55e-01,1.54e-01,-186,1054
3500,-236,9.55e-01,6.32e-01,-185,1054
3510,-236,9.55e-01,3.01e-01,-185,1054
3520,-236,9.55e-01,1.39e-01,-185,1054
3530,-236,9.55e-01,4.05e-01,-185,1054
3540,-236,9.55e-01,1.06e-01,-185,1054
3550,-236,9.54e-01,3.94e-01,-185,1054
3560,-236,9.54e-01,5.52e-01,-185,1054
3570,-236,9.54e-01,3.57e-01,-185,1054
3580,-236,9.54e-01,4.71e-01,-185,1054
3590,-236,9.54e-01,1.01e-01,-185,1054
3600,-236,9.54e-01,1.45e-01,-185,1054
3610,-236,9.54e-01,1.55e-01,-185,1054
3620,-236,9.54e-01,1.36e-01,-185,1054
3630,-236,9.54e-01,9.31e-02,-184,1054
3640,-236,9.54e-01,9.79e-02,-184,1054
3650,260,9.53e-01,4.26e-01,-184,1054
3660,225,9.53e-01,3.37e-01,-183,1054
3670,-236,9.53e-01,2.76e-01,-182,1054
3680,-236,9.53e-01,1.99e-01,-182,1054
3690,-236,9.53e-01,1.66e-01,-182,1054
3700,-236,9.53e-01,2.29e-01,-182,1054
3710,-236,9.53e-01,1.20e-01,-182,1054
3720,-236,9.53e-01,6.00e-01,-182,1054
3730,-236,9.53e-01,3.37e-01,-181,1054
3740,-236,9.53e-01,2.28e-01,-181,1054
3750,-236,9.52e-01,1.60e-01,-181,1054
3760,-236,9.52e-01,3.86e-01,-181,1054
3770,-236,9.52e-01,1.97e-01,-180,1054
3780,-236,9.52e-01,3.51e-01,-180,1054
3790,-236,9.52e-01,2.18e-01,-180,1054
3800,-236,9.52e-01,6.84e-02,-180,1054
3810,-236,9.52e-01,1.51e-01,-180,1054
3820,-236,9.52e-01,7.15e-02,-180,1054
3830,-236,9.52e-01,1.23e-01,-180,1054
3840,-236,9.52e-01,2.58e-01,-180,1054
3850,-236,9.51e-01,2.11e-01,-178,1054
3860,-236,9.51e-01,3.28e-01,-178,1054
3870,-236,9.51e-01,3.51e-01,-178,1054
3880,-236,9.51e-01,5.08e-01,-178,1054
3890,-236,9.51e-01,8.00e-01,-178,1054
3900,-236,9.51e-01,6.68e-01,-178,1054
3910,-236,9.51e-01,9.29e-01,-178,1054
3920,221,9.51e-01,2.65e-01,-177,1054
3930,-236,9.51e-01,1.40e-01,-177,1054
3940,-236,9.51e-01,2.36e-01,-177,1054
3950,-236,9.50e-01,9.10e-02,-177,1054
3960,-236,9.50e-01,1.78e-01,-177,1054
3970,-236,9.50e-01,2.71e-01,-177,1054
3980,-236,9.50e-01,2.17e-01,-177,1054
3990,-236,9.50e-01,2.96e-01,-177,1054
4000,-236,9.50e-01,1.87e-01,-177,1054
4010,-236,9.50e-01,3.49e-01,-177,1054
4020,-28,9.50e-01,1.94e-01,-176,1054
4030,224,9.50e-01,3.34e-02,-175,1054
4040,-236,9.50e-01,1.02e-01,-172,1054
4050,-236,9.49e-01,5.45e-01,-172,1054
4060,-236,9.49e-01,1.52e-01,-172,1054
4070,-236,9.49e-01,2.61e-01,-172,1054
4080,125,9.49e-01,1.53e-01,-172,1054
4090,-236,9.49e-01,1.55e-01,-172,1054
4100,-236,9.49e-01,4.07e-01,-171,1054
4110,-236,9.49e-01,4.21e-01,-170,1054
4120,-236,9.49e-01,6.54e-01,-168,1054
4130,-236,9.49e-01,3.98e-01,-168,1054
4140,-236,9.49e-01,4.91e-01,-168,1054
4150,-236,9.48e-01,1.20e+00,-168,1054
4160,-236,9.48e-01,1.32e-01,-165,1054
4170,-236,9.48e-01,3.40e-01,-165,1054
4180,-236,9.48e-01,2.54e-01,-165,1054
4190,-236,9.48e-01,4.86e-01,-165,1054
4200,-236,9.48e-01,2.79e-01,-165,1054
4210,-236,9.48e-01,3.82e-01,-165,1054
4220,-236,9.48e-01,3.60e-01,-165,1054
4230,-236,9.48e-01,1.91e-01,-165,1054
4240,-236,9.48e-01,4.99e-01,-165,1054
4250,-236,9.47e-01,1.83e-01,-164,1054
4260,-236,9.47e-01,6.78e-01,-164,1054
4270,-236,9.47e-01,3.18e-01,-163,1054
4280,-236,9.47e-01,2.92e-01,-163,1054
4290,-236,9.47e-01,1.88e-01,-163,1054
4300,-236,9.47e-01,5.10e-01,-163,1054
4310,-236,9.47e-01,2.11e-01,-160,1054
4320,-236,9.47e-01,2.51e-01,-160,1054
4330,-236,9.47e-01,2.31e-01,-160,1054
4340,-236,9.47e-01,1.69e-01,-160,1054
4350,-236,9.46e-01,1.85e-01,-160,1054
4360,-236,9.46e-01,3.10e-01,-160,1054
4370,-236,9.46e-01,3.37e-01,-160,1054
4380,-236,9.46e-01,5.61e-01,-159,1054
4390,-236,9.46e-01,7.35e-01,-158,1054
4400,-236,9.46e-01,4.18e-01,-158,1054
4410,-236,9.46e-01,1.84e-01,-157,1054
4420,-236,9.46e-01,5.25e-02,-157,1054
4430,-236,9.46e-01,3.48e-01,-157,1054
4440,-236,9.46e-01,2.21e-01,-157,1054
4450,-236,9.45e-01,7.95e-01,-157,1054
4460,-236,9.45e-01,1.17e-01,-157,1054
4470,298,9.45e-01,1.29e-01,-156,1054
4480,-236,9.45e-01,5.03e-01,-156,1054
4490,-236,9.45e-01,1.57e-01,-156,1054
4500,-236,9.45e-01,1.12e-01,-156,1054
4510,-236,9.45e-01,2.62e-01,-156,1054
4520,-236,9.45e-01,2.69e-01,-156,1054
4530,-236,9.45e-01,1.53e-01,-156,1054
4540,-236,9.45e-01,1.24e-01,-156,1054
4550,-236,9.44e-01,4.42e-01,-156,1054
4560,-236,9.44e-01,2.17e-01,-156,1054
4570,-236,9.44e-01,1.24e-01,-156,1054
4580,-236,9.44e-01,3.07e-01,-156,1054
4590,-236,9.44e-01,2.29e-01,-156,1054
4600,-236,9.44e-01,2.06e-01,-156,1054
4610,287,9.44e-01,3.29e-01,-155,1054
4620,-236,9.44e-01,1.14e+00,-155,1054
4630,-236,9.44e-01,7.66e-01,-155,1054
4640,-236,9.44e-01,2.52e-01,-155,1054
4650,-236,9.43e-01,3.81e-01,-152,1054
4660,-236,9.43e-01,8.09e-01,-152,1054
4670,-236,9.43e-01,1.35e+00,-152,1054
4680,-236,9.43e-01,2.86e-01,-152,1054
4690,-236,9.43e-01,2.20e-01,-152,1054
4700,57,9.43e-01,4.73e-01,-152,1054
4710,-236,9.43e-01,3.12e-01,-152,1054
4720,-236,9.43e-01,2.57e-01,-152,1054
4730,-236,9.43e-01,3.65e-01,-152,1054
4740,-236,9.43e-01,4.03e-01,-152,1054
4750,262,9.42e-01,1.54e-01,-151,1054
4760,-236,9.42e-01,1.47e-01,-151,1054
4770,311,9.42e-01,1.13e+00,-150,1054
4780,308,9.42e-01,1.24e+00,-150,1054
4790,284,9.42e-01,3.03e-01,-147,1054
4800,-236,9.42e-01,1.20e+00,-147,1054
4810,-236,9.42e-01,3.64e-01,-147,1054
4820,-236,9.42e-01,4.97e-01,-147,1054
4830,-236,9.42e-01,3.74e-01,-145,1054
4840,-236,9.42e-01,5.79e-01,-145,1054
4850,240,9.41e-01,6.98e-01,-144,1054
4860,-236,9.41e-01,2.07e-01,-144,1054
4870,-236,9.41e-01,7.09e-01,-143,1054
4880,204,9.41e-01,4.64e-01,-141,1054
4890,-236,9.41e-01,8.50e-01,-141,1054
4900,-236,9.41e-01,4.23e-01,-141,1054
4910,-236,9.41e-01,5.52e-01,-141,1054
4920,283,9.41e-01,7.91e-01,-139,1054
4930,-236,9.41e-01,1.26e-01,-139,1054
4940,-236,9.41e-01,5.08e-01,-139,1054
4950,-236,9.40e-01,5.17e-01,-139,1054
4960,-236,9.40e-01,2.84e-01,-139,1054
4970,-236,9.40e-01,6.06e-01,-139,1054
4980,-236,9.40e-01,1.18e+00,-139,1054
4990,-236,9.40e-01,5.88e-01,-139,1054
5000,-236,9.40e-01,7.22e-01,-139,1054
5010,-236,9.40e-01,6.46e-01,-139,1054
5020,-236,9.40e-01,4.27e-01,-138,1054
5030,-236,9.40e-01,3.55e-01,-138,1054
5040,-88,9.40e-01,4.48e-01,-138,1054
5050,-236,9.39e-01,6.20e-01,-138,1054
5060,-236,9.39e-01,1.60e-01,-135,1054
5070,-236,9.39e-01,3.82e-01,-135,1054
5080,-236,9.39e-01,9.00e-01,-135,1054
5090,-236,9.39e-01,7.77e-01,-133,1054
5100,-236,9.39e-01,1.70e-01,-133,1054
5110,-236,9.39e-01,3.69e-01,-131,1054
5120,-236,9.39e-01,2.96e-01,-130,1054
5130,-11,9.39e-01,1.98e-01,-128,1054
5140,-68,9.39e-01,7.94e-01,-128,1054
5150,-236,9.38e-01,5.32e-01,-127,1054
5160,-236,9.38e-01,2.54e-01,-127,1054
5170,-236,9.38e-01,7.31e-01,-125,1054
5180,-236,9.38e-01,8.44e-01,-125,1054
5190,-236,9.38e-01,2.82e-01,-125,1054
5200,-236,9.38e-01,1.32e+00,-124,1054
5210,-236,9.38e-01,6.57e-01,-124,1054
5220,-236,9.38e-01,9.72e-01,-124,1054
5230,284,9.38e-01,3.96e-01,-123,1054
5240,-236,9.38e-01,3.67e-01,-121,1054
5250,-236,9.37e-01,3.51e-01,-121,1054
5260,-236,9.37e-01,7.95e-01,-121,1054
5270,-55,9.37e-01,2.74e-01,-119,1054
5280,-236,9.37e-01,1.76e-01,-119,1054
5290,311,9.37e-01,2.65e-01,-118,1054
5300,309,9.37e-01,2.97e-01,-116,1054
5310,409,9.37e-01,5.02e-01,-116,1054
5320,-236,9.37e-01,6.08e-01,-115,1054
5330,-236,9.37e-01,1.97e+00,-115,1054
5340,-236,9.37e-01,5.10e-01,-115,1054
5350,-236,9.36e-01,7.48e-01,-115,1054
5360,-236,9.36e-01,8.09e-01,-115,1054
5370,-1,9.36e-01,8.88e-01,-114,1054
5380,-236,9.36e-01,3.71e-01,-114,1054
5390,-236,9.36e-01,5.67e-01,-114,1054
5400,-236,9.36e-01,2.07e+00,-114,1054
5410,-236,9.36e-01,1.84e+00,-114,1054
5420,-236,9.36e-01,1.82e+00,-114,1054
5430,-236,9.36e-01,1.16e+00,-114,1054
5440,-236,9.36e-01,3.49e-01,-114,1054
5450,-236,9.35e-01,4.30e-01,-114,1054
5460,-236,9.35e-01,5.54e-01,-114,1054
5470,-236,9.35e-01,1.74e+00,-111,1054
5480,-236,9.35e-01,1.83e+00,-111,1054
5490,-236,9.35e-01,1.03e+00,-111,1054
5500,-236,9.35e-01,8.01e-01,-111,1054
5510,-236,9.35e-01,6.60e-01,-111,1054
5520,-236,9.35e-01,6.02e-01,-111,1054
5530,-236,9.35e-01,4.87e-01,-111,1054
5540,-236,9.35e-01,1.20e+00,-111,1054
5550,88,9.34e-01,1.61e-01,-110,1054
5560,165,9.34e-01,8.33e-01,-108,1054
5570,-236,9.34e-01,3.66e-01,-108,1054
5580,-236,9.34e-01,9.67e-01,-108,1054
5590,-236,9.34e-01,7.03e-01,-108,1054
5600,-236,9.34e-01,1.68e+00,-108,1054
5610,501,9.34e-01,3.81e-01,-100,1054
5620,-236,9.34e-01,8.68e-01,-100,1054
5630,-236,9.34e-01,9.13e-01,-100,1054
5640,1052,9.34e-01,3.43e-01,-99,1054
5650,-236,9.33e-01,5.73e-01,-99,1054
5660,-236,9.33e-01,3.88e-01,-99,1054
5670,-236,9.33e-01,3.74e-01,-99,1054
5680,-6,9.33e-01,3.11e-01,-99,1054
5690,-236,9.33e-01,7.67e-01,-99,1054
5700,-236,9.33e-01,1.64e-01,-94,1054
5710,-236,9.33e-01,6.77e-01,-94,1054
5720,-236,9.33e-01,3.92e-01,-94,1054
5730,-236,9.33e-01,1.17e-01,-94,1054
5740,-236,9.33e-01,7.45e-01,-94,1054
5750,-236,9.32e-01,8.96e-01,-94,1054
5760,-236,9.32e-01,8.02e-01,-94,1054
5770,323,9.32e-01,4.47e-01,-92,1054
5780,-236,9.32e-01,5.53e-01,-92,1054
5790,-236,9.32e-01,4.01e-01,-92,1054
5800,-236,9.32e-01,7.92e-01,-92,1054
5810,-236,9.32e-01,5.06e-01,-92,1054
5820,-236,9.32e-01,4.67e-01,-92,1054
5830,-236,9.32e-01,3.65e-01,-92,1054
5840,-236,9.32e-01,1.73e+00,-92,1054
5850,311,9.31e-01,3.11e-01,-92,1054
5860,-236,9.31e-01,1.21e+00,-92,1054
5870,-236,9.31e-01,7.61e-01,-92,1054
5880,-236,9.31e-01,1.81e+00,-92,1054
5890,344,9.31e-01,2.17e-01,-87,1054
5900,-236,9.31e-01,3.18e-01,-87,1054
5910,-236,9.31e-01,3.18e-01,-87,1054
5920,-236,9.31e-01,4.20e-01,-85,1054
5930,-236,9.31e-01,6.05e-01,-85,1054
5940,-236,9.31e-01,4.98e-01,-85,1054
5950,-236,9.30e-01,3.92e-01,-85,1054
5960,290,9.30e-01,7.01e-01,-84,1054
5970,-236,9.30e-01,4.60e-01,-83,1054
5980,319,9.30e-01,2.68e-01,-82,1054
5990,-236,9.30e-01,7.98e-01,-82,1054
6000,-236,9.30e-01,1.71e+00,-82,1054
6010,-236,9.30e-01,3.62e-01,-82,1054
6020,-236,9.30e-01,2.78e-01,-82,1054
6030,-236,9.30e-01,1.23e+00,-82,1054
6040,-236,9.30e-01,7.92e-01,-79,1054
6050,-236,9.29e-01,2.35e-01,-79,1054
6060,-236,9.29e-01,7.13e-01,-79,1054
6070,-236,9.29e-01,5.31e-01,-78,1054
6080,-236,9.29e-01,2.59e-01,-78,1054
6090,-236,9.29e-01,4.40e-01,-78,1054
6100,342,9.29e-01,5.82e-01,-76,1054
6110,-236,9.29e-01,5.83e-01,-76,1054
6120,-236,9.29e-01,5.67e-01,-76,1054
6130,-236,9.29e-01,3.23e-01,-76,1054
6140,-236,9.29e-01,7.57e-01,-76,1054
6150,-236,9.28e-01,6.25e-01,-76,1054
6160,316,9.28e-01,4.85e-01,-76,1054
6170,-236,9.28e-01,5.88e-01,-76,1054
6180,-236,9.28e-01,6.60e-01,-74,1054
6190,-236,9.28e-01,5.12e-01,-74,1054
6200,316,9.28e-01,2.52e-01,-74,1054
6210,-236,9.28e-01,7.01e-01,-74,1054
